{
  "res_list": [
    {
      "Id": 33760,
      "Name": "Du Miên Garden Cafe - Phan Văn Trị",
      "Address": "7 Phan Văn Trị, P. 10",
      "District": "Quận Gò Vấp",
      "City": "TP. HCM",
      "DistrictId": 2,
      "Location": "ho-chi-minh",
      "LocationId": 217,
      "Phone": null,
      "Cuisines": [
        {
          "Id": 1,
          "Name": "Món Việt",
          "NameEn": null,
          "ASCIIName": null,
          "DetailUrl": "/ho-chi-minh/dia-diem-phong-cach-viet-nam"
        }
      ],
      "SpecialDesc": null,
      "Categories": [
        {
          "Id": 2,
          "Name": "Café/Dessert",
          "NameEn": null,
          "ASCIIName": null,
          "DetailUrl": null
        }
      ],
      "Services": [],
      "Latitude": 10.8320309278837,
      "Longitude": 106.6739872097969,
      "MainCategoryId": 2,
      "MasterCategoryId": 1,
      "HasDelivery": false,
      "HasBooking": false,
      "TotalReview": 507,
      "TotalView": 246438,
      "TotalFavourite": 689,
      "TotalCheckins": 285,
      "TotalPictures": 3257,
      "AvgRating": "7.0",
      "AvgRatingOriginal": 6.95,
      "PicturePath": "https://images.foody.vn/res/g4/33760/prof/s180x180/foody-mobile-du-mien-garden-mb-jp-309-635785114907746480.jpg",
      "PicturePathLarge": "https://images.foody.vn/res/g4/33760/prof/s640x400/foody-mobile-du-mien-garden-mb-jp-309-635785114907746480.jpg",
      "MobilePicturePath": "https://images.foody.vn/res/g4/33760/prof/s640x400/foody-mobile-du-mien-garden-mb-jp-309-635785114907746480.jpg",
      "ReviewUrl": "/ho-chi-minh/du-mien-garden-cafe/binh-luan",
      "AlbumUrl": "/ho-chi-minh/du-mien-garden-cafe/album-anh",
      "IconUrl": null,
      "IsAd": false,
      "DetailUrl": "/ho-chi-minh/du-mien-garden-cafe"
    },
    {
      "Id": 978,
      "Name": "Country House Cafe",
      "Address": "18C Phan Văn Trị, P. 10",
      "District": "Quận Gò Vấp",
      "City": "TP. HCM",
      "DistrictId": 2,
      "Location": "ho-chi-minh",
      "LocationId": 217,
      "Phone": null,
      "Cuisines": [
        {
          "Id": 1,
          "Name": "Món Việt",
          "NameEn": null,
          "ASCIIName": null,
          "DetailUrl": "/ho-chi-minh/dia-diem-phong-cach-viet-nam"
        }
      ],
      "SpecialDesc": null,
      "Categories": [
        {
          "Id": 2,
          "Name": "Café/Dessert",
          "NameEn": null,
          "ASCIIName": null,
          "DetailUrl": null
        }
      ],
      "Services": [
        {
          "Id": 1,
          "Type": 0,
          "Url": "/ho-chi-minh/country-house-cafe/goi-mon",
          "Title": null,
          "Text": "Giao tận nơi",
          "Avatar": null,
          "BackgroundColor": null,
          "RestaurantId": 0,
          "Description": null
        }
      ],
      "Latitude": 10.834277,
      "Longitude": 106.668235,
      "MainCategoryId": 2,
      "MasterCategoryId": 1,
      "HasDelivery": true,
      "HasBooking": false,
      "TotalReview": 372,
      "TotalView": 146959,
      "TotalFavourite": 617,
      "TotalCheckins": 246,
      "TotalPictures": 2438,
      "AvgRating": "7.2",
      "AvgRatingOriginal": 7.204,
      "PicturePath": "https://images.foody.vn/res/g1/978/prof/s180x180/foody-mobile-countryhouse-jpg-246-635683259648435945.jpg",
      "PicturePathLarge": "https://images.foody.vn/res/g1/978/prof/s640x400/foody-mobile-countryhouse-jpg-246-635683259648435945.jpg",
      "MobilePicturePath": "https://images.foody.vn/res/g1/978/prof/s640x400/foody-mobile-countryhouse-jpg-246-635683259648435945.jpg",
      "ReviewUrl": "/ho-chi-minh/country-house-cafe/binh-luan",
      "AlbumUrl": "/ho-chi-minh/country-house-cafe/album-anh",
      "IconUrl": null,
      "IsAd": false,
      "DetailUrl": "/ho-chi-minh/country-house-cafe"
    },
    {
      "Id": 82801,
      "Name": "Hẻm Spaghetti - Nguyễn Oanh",
      "Address": "212/22 Nguyễn Oanh, P. 17",
      "District": "Quận Gò Vấp",
      "City": "TP. HCM",
      "DistrictId": 2,
      "Location": "ho-chi-minh",
      "LocationId": 217,
      "Phone": null,
      "Cuisines": [
        {
          "Id": 18,
          "Name": "Ý",
          "NameEn": null,
          "ASCIIName": null,
          "DetailUrl": "/ho-chi-minh/dia-diem-phong-cach-y"
        }
      ],
      "SpecialDesc": null,
      "Categories": [
        {
          "Id": 3,
          "Name": "Quán ăn",
          "NameEn": null,
          "ASCIIName": null,
          "DetailUrl": null
        }
      ],
      "Services": [
        {
          "Id": 2,
          "Type": 0,
          "Url": "/ho-chi-minh/hem-spaghetti-nguyen-oanh",
          "Title": null,
          "Text": "Đặt bàn ",
          "Avatar": null,
          "BackgroundColor": null,
          "RestaurantId": 0,
          "Description": null
        }
      ],
      "Latitude": 10.835506,
      "Longitude": 106.676721,
      "MainCategoryId": 3,
      "MasterCategoryId": 1,
      "HasDelivery": false,
      "HasBooking": true,
      "TotalReview": 420,
      "TotalView": 107981,
      "TotalFavourite": 766,
      "TotalCheckins": 126,
      "TotalPictures": 1648,
      "AvgRating": "7.0",
      "AvgRatingOriginal": 7.002,
      "PicturePath": "https://images.foody.vn/res/g9/82801/prof/s180x180/foody-upload-api-foody-mobile-gi4-jpg-181001160804.jpg",
      "PicturePathLarge": "https://images.foody.vn/res/g9/82801/prof/s640x400/foody-upload-api-foody-mobile-gi4-jpg-181001160804.jpg",
      "MobilePicturePath": "https://images.foody.vn/res/g9/82801/prof/s640x400/foody-upload-api-foody-mobile-gi4-jpg-181001160804.jpg",
      "ReviewUrl": "/ho-chi-minh/hem-spaghetti-nguyen-oanh/binh-luan",
      "AlbumUrl": "/ho-chi-minh/hem-spaghetti-nguyen-oanh/album-anh",
      "IconUrl": null,
      "IsAd": false,
      "DetailUrl": "/ho-chi-minh/hem-spaghetti-nguyen-oanh"
    },
    {
      "Id": 149154,
      "Name": "Lava Coffee - Quang Trung",
      "Address": "61 Quang Trung, P. 10",
      "District": "Quận Gò Vấp",
      "City": "TP. HCM",
      "DistrictId": 2,
      "Location": "ho-chi-minh",
      "LocationId": 217,
      "Phone": null,
      "Cuisines": [
        {
          "Id": 1,
          "Name": "Món Việt",
          "NameEn": null,
          "ASCIIName": null,
          "DetailUrl": "/ho-chi-minh/dia-diem-phong-cach-viet-nam"
        }
      ],
      "SpecialDesc": null,
      "Categories": [
        {
          "Id": 2,
          "Name": "Café/Dessert",
          "NameEn": null,
          "ASCIIName": null,
          "DetailUrl": null
        }
      ],
      "Services": [
        {
          "Id": 1,
          "Type": 0,
          "Url": "/ho-chi-minh/lava-coffee-quang-trung/goi-mon",
          "Title": null,
          "Text": "Giao tận nơi",
          "Avatar": null,
          "BackgroundColor": null,
          "RestaurantId": 0,
          "Description": null
        }
      ],
      "Latitude": 10.8274346938756,
      "Longitude": 106.6768789916625,
      "MainCategoryId": 2,
      "MasterCategoryId": 1,
      "HasDelivery": true,
      "HasBooking": false,
      "TotalReview": 331,
      "TotalView": 73138,
      "TotalFavourite": 336,
      "TotalCheckins": 129,
      "TotalPictures": 2202,
      "AvgRating": "7.5",
      "AvgRatingOriginal": 7.48,
      "PicturePath": "https://images.foody.vn/res/g15/149154/prof/s180x180/foody-upload-api-foody-mobile-4-190111100956.jpg",
      "PicturePathLarge": "https://images.foody.vn/res/g15/149154/prof/s640x400/foody-upload-api-foody-mobile-4-190111100956.jpg",
      "MobilePicturePath": "https://images.foody.vn/res/g15/149154/prof/s640x400/foody-upload-api-foody-mobile-4-190111100956.jpg",
      "ReviewUrl": "/ho-chi-minh/lava-coffee-quang-trung/binh-luan",
      "AlbumUrl": "/ho-chi-minh/lava-coffee-quang-trung/album-anh",
      "IconUrl": null,
      "IsAd": false,
      "DetailUrl": "/ho-chi-minh/lava-coffee-quang-trung"
    },
    {
      "Id": 194867,
      "Name": "Mì Cay Naga - 224 Phạm Văn Đồng",
      "Address": "224 Phạm Văn Đồng, P.1 ",
      "District": "Quận Gò Vấp",
      "City": "TP. HCM",
      "DistrictId": 2,
      "Location": "ho-chi-minh",
      "LocationId": 217,
      "Phone": null,
      "Cuisines": [
        {
          "Id": 1,
          "Name": "Món Việt",
          "NameEn": null,
          "ASCIIName": null,
          "DetailUrl": "/ho-chi-minh/dia-diem-phong-cach-viet-nam"
        }
      ],
      "SpecialDesc": null,
      "Categories": [
        {
          "Id": 1,
          "Name": "Nhà hàng",
          "NameEn": null,
          "ASCIIName": null,
          "DetailUrl": null
        }
      ],
      "Services": [],
      "Latitude": 10.8190179358921,
      "Longitude": 106.6889985278248,
      "MainCategoryId": 1,
      "MasterCategoryId": 1,
      "HasDelivery": false,
      "HasBooking": false,
      "TotalReview": 320,
      "TotalView": 195757,
      "TotalFavourite": 332,
      "TotalCheckins": 121,
      "TotalPictures": 1081,
      "AvgRating": "6.1",
      "AvgRatingOriginal": 6.088,
      "PicturePath": "https://images.foody.vn/res/g20/194867/prof/s180x180/foody-mobile-9zbk996o-jpg-112-636143635496125338.jpg",
      "PicturePathLarge": "https://images.foody.vn/res/g20/194867/prof/s640x400/foody-mobile-9zbk996o-jpg-112-636143635496125338.jpg",
      "MobilePicturePath": "https://images.foody.vn/res/g20/194867/prof/s640x400/foody-mobile-9zbk996o-jpg-112-636143635496125338.jpg",
      "ReviewUrl": "/ho-chi-minh/mi-cay-naga-224-pham-van-dong/binh-luan",
      "AlbumUrl": "/ho-chi-minh/mi-cay-naga-224-pham-van-dong/album-anh",
      "IconUrl": null,
      "IsAd": false,
      "DetailUrl": "/ho-chi-minh/mi-cay-naga-224-pham-van-dong"
    },
    {
      "Id": 25656,
      "Name": "City House Cafe - Sân Vườn Lãng Mạn",
      "Address": "21 Huỳnh Khương An, P. 5",
      "District": "Quận Gò Vấp",
      "City": "TP. HCM",
      "DistrictId": 2,
      "Location": "ho-chi-minh",
      "LocationId": 217,
      "Phone": null,
      "Cuisines": [
        {
          "Id": 1,
          "Name": "Món Việt",
          "NameEn": null,
          "ASCIIName": null,
          "DetailUrl": "/ho-chi-minh/dia-diem-phong-cach-viet-nam"
        }
      ],
      "SpecialDesc": null,
      "Categories": [
        {
          "Id": 2,
          "Name": "Café/Dessert",
          "NameEn": null,
          "ASCIIName": null,
          "DetailUrl": null
        }
      ],
      "Services": [],
      "Latitude": 10.82421,
      "Longitude": 106.688285,
      "MainCategoryId": 2,
      "MasterCategoryId": 1,
      "HasDelivery": false,
      "HasBooking": false,
      "TotalReview": 170,
      "TotalView": 134413,
      "TotalFavourite": 385,
      "TotalCheckins": 96,
      "TotalPictures": 1378,
      "AvgRating": "6.9",
      "AvgRatingOriginal": 6.898,
      "PicturePath": "https://images.foody.vn/res/g3/25656/prof/s180x180/foody-mobile-city-house-jpg-354-636133373358973749.jpg",
      "PicturePathLarge": "https://images.foody.vn/res/g3/25656/prof/s640x400/foody-mobile-city-house-jpg-354-636133373358973749.jpg",
      "MobilePicturePath": "https://images.foody.vn/res/g3/25656/prof/s640x400/foody-mobile-city-house-jpg-354-636133373358973749.jpg",
      "ReviewUrl": "/ho-chi-minh/city-house-cafe/binh-luan",
      "AlbumUrl": "/ho-chi-minh/city-house-cafe/album-anh",
      "IconUrl": null,
      "IsAd": false,
      "DetailUrl": "/ho-chi-minh/city-house-cafe"
    },
    {
      "Id": 66844,
      "Name": "Nhi Nhi Quán - Đặc Sản Phan Rang",
      "Address": "125/48 Lê Đức Thọ, P. 17",
      "District": "Quận Gò Vấp",
      "City": "TP. HCM",
      "DistrictId": 2,
      "Location": "ho-chi-minh",
      "LocationId": 217,
      "Phone": null,
      "Cuisines": [
        {
          "Id": 7,
          "Name": "Món Miền Trung",
          "NameEn": null,
          "ASCIIName": null,
          "DetailUrl": "/ho-chi-minh/dia-diem-phong-cach-mien-trung"
        }
      ],
      "SpecialDesc": null,
      "Categories": [
        {
          "Id": 11,
          "Name": "Ăn vặt/vỉa hè",
          "NameEn": null,
          "ASCIIName": null,
          "DetailUrl": null
        }
      ],
      "Services": [
        {
          "Id": 1,
          "Type": 0,
          "Url": "/ho-chi-minh/nhi-nhi-quan-dac-san-phan-rang/goi-mon",
          "Title": null,
          "Text": "Giao tận nơi",
          "Avatar": null,
          "BackgroundColor": null,
          "RestaurantId": 0,
          "Description": null
        }
      ],
      "Latitude": 10.834312,
      "Longitude": 106.680146,
      "MainCategoryId": 11,
      "MasterCategoryId": 1,
      "HasDelivery": true,
      "HasBooking": false,
      "TotalReview": 240,
      "TotalView": 137996,
      "TotalFavourite": 1004,
      "TotalCheckins": 167,
      "TotalPictures": 1536,
      "AvgRating": "7.1",
      "AvgRatingOriginal": 7.062,
      "PicturePath": "https://images.foody.vn/res/g7/66844/prof/s180x180/foody-mobile-bpzy3ni3-jpg-841-636143721820688231.jpg",
      "PicturePathLarge": "https://images.foody.vn/res/g7/66844/prof/s640x400/foody-mobile-bpzy3ni3-jpg-841-636143721820688231.jpg",
      "MobilePicturePath": "https://images.foody.vn/res/g7/66844/prof/s640x400/foody-mobile-bpzy3ni3-jpg-841-636143721820688231.jpg",
      "ReviewUrl": "/ho-chi-minh/nhi-nhi-quan-dac-san-phan-rang/binh-luan",
      "AlbumUrl": "/ho-chi-minh/nhi-nhi-quan-dac-san-phan-rang/album-anh",
      "IconUrl": null,
      "IsAd": false,
      "DetailUrl": "/ho-chi-minh/nhi-nhi-quan-dac-san-phan-rang"
    },
    {
      "Id": 33645,
      "Name": "Yuri Yuri - Ẩm Thực Hàn Quốc",
      "Address": "358 Nguyễn Văn Nghi, P. 7",
      "District": "Quận Gò Vấp",
      "City": "TP. HCM",
      "DistrictId": 2,
      "Location": "ho-chi-minh",
      "LocationId": 217,
      "Phone": null,
      "Cuisines": [
        {
          "Id": 22,
          "Name": "Món Hàn",
          "NameEn": null,
          "ASCIIName": null,
          "DetailUrl": "/ho-chi-minh/dia-diem-phong-cach-han-quoc"
        }
      ],
      "SpecialDesc": null,
      "Categories": [
        {
          "Id": 1,
          "Name": "Nhà hàng",
          "NameEn": null,
          "ASCIIName": null,
          "DetailUrl": null
        }
      ],
      "Services": [
        {
          "Id": 2,
          "Type": 0,
          "Url": "/ho-chi-minh/yuri-yuri-am-thuc-han-quoc",
          "Title": null,
          "Text": "Đặt bàn ",
          "Avatar": null,
          "BackgroundColor": null,
          "RestaurantId": 0,
          "Description": null
        },
        {
          "Id": 1,
          "Type": 0,
          "Url": "/ho-chi-minh/yuri-yuri-am-thuc-han-quoc/goi-mon",
          "Title": null,
          "Text": "Giao tận nơi",
          "Avatar": null,
          "BackgroundColor": null,
          "RestaurantId": 0,
          "Description": null
        }
      ],
      "Latitude": 10.826587,
      "Longitude": 106.681704,
      "MainCategoryId": 1,
      "MasterCategoryId": 1,
      "HasDelivery": true,
      "HasBooking": true,
      "TotalReview": 228,
      "TotalView": 97677,
      "TotalFavourite": 568,
      "TotalCheckins": 104,
      "TotalPictures": 1454,
      "AvgRating": "6.8",
      "AvgRatingOriginal": 6.786,
      "PicturePath": "https://images.foody.vn/res/g4/33645/prof/s180x180/foody-mobile-bayef6n3-jpg-308-636023635570133301.jpg",
      "PicturePathLarge": "https://images.foody.vn/res/g4/33645/prof/s640x400/foody-mobile-bayef6n3-jpg-308-636023635570133301.jpg",
      "MobilePicturePath": "https://images.foody.vn/res/g4/33645/prof/s640x400/foody-mobile-bayef6n3-jpg-308-636023635570133301.jpg",
      "ReviewUrl": "/ho-chi-minh/yuri-yuri-am-thuc-han-quoc/binh-luan",
      "AlbumUrl": "/ho-chi-minh/yuri-yuri-am-thuc-han-quoc/album-anh",
      "IconUrl": null,
      "IsAd": false,
      "DetailUrl": "/ho-chi-minh/yuri-yuri-am-thuc-han-quoc"
    },
    {
      "Id": 252442,
      "Name": "Trà Sữa Gong Cha - 貢茶 - Phan Văn Trị",
      "Address": "595 Phan Văn Trị, P. 5",
      "District": "Quận Gò Vấp",
      "City": "TP. HCM",
      "DistrictId": 2,
      "Location": "ho-chi-minh",
      "LocationId": 217,
      "Phone": null,
      "Cuisines": [
        {
          "Id": 36,
          "Name": "Món Á",
          "NameEn": null,
          "ASCIIName": null,
          "DetailUrl": "/ho-chi-minh/dia-diem-phong-cach-chau-a"
        },
        {
          "Id": 51,
          "Name": "Đài Loan",
          "NameEn": null,
          "ASCIIName": null,
          "DetailUrl": "/ho-chi-minh/dia-diem-phong-cach-dai-loan"
        }
      ],
      "SpecialDesc": null,
      "Categories": [
        {
          "Id": 2,
          "Name": "Café/Dessert",
          "NameEn": null,
          "ASCIIName": null,
          "DetailUrl": null
        }
      ],
      "Services": [
        {
          "Id": 1,
          "Type": 0,
          "Url": "/ho-chi-minh/tra-sua-gong-cha-phan-van-tri/goi-mon",
          "Title": null,
          "Text": "Giao tận nơi",
          "Avatar": null,
          "BackgroundColor": null,
          "RestaurantId": 0,
          "Description": null
        }
      ],
      "Latitude": 10.826092,
      "Longitude": 106.689382,
      "MainCategoryId": 2,
      "MasterCategoryId": 1,
      "HasDelivery": true,
      "HasBooking": false,
      "TotalReview": 310,
      "TotalView": 25082,
      "TotalFavourite": 179,
      "TotalCheckins": 94,
      "TotalPictures": 1120,
      "AvgRating": "6.8",
      "AvgRatingOriginal": 6.754,
      "PicturePath": "https://images.foody.vn/res/g26/252442/prof/s180x180/foody-mobile-12-jpg-323-636148043123028599.jpg",
      "PicturePathLarge": "https://images.foody.vn/res/g26/252442/prof/s640x400/foody-mobile-12-jpg-323-636148043123028599.jpg",
      "MobilePicturePath": "https://images.foody.vn/res/g26/252442/prof/s640x400/foody-mobile-12-jpg-323-636148043123028599.jpg",
      "ReviewUrl": "/ho-chi-minh/tra-sua-gong-cha-phan-van-tri/binh-luan",
      "AlbumUrl": "/ho-chi-minh/tra-sua-gong-cha-phan-van-tri/album-anh",
      "IconUrl": null,
      "IsAd": false,
      "DetailUrl": "/ho-chi-minh/tra-sua-gong-cha-phan-van-tri"
    },
    {
      "Id": 12513,
      "Name": "Oasis Cafe",
      "Address": "26/14 Phạm Văn Đồng, P. 3",
      "District": "Quận Gò Vấp",
      "City": "TP. HCM",
      "DistrictId": 2,
      "Location": "ho-chi-minh",
      "LocationId": 217,
      "Phone": null,
      "Cuisines": [
        {
          "Id": 1,
          "Name": "Món Việt",
          "NameEn": null,
          "ASCIIName": null,
          "DetailUrl": "/ho-chi-minh/dia-diem-phong-cach-viet-nam"
        },
        {
          "Id": 34,
          "Name": "Món Âu",
          "NameEn": null,
          "ASCIIName": null,
          "DetailUrl": "/ho-chi-minh/dia-diem-phong-cach-tay-au"
        }
      ],
      "SpecialDesc": null,
      "Categories": [
        {
          "Id": 2,
          "Name": "Café/Dessert",
          "NameEn": null,
          "ASCIIName": null,
          "DetailUrl": null
        }
      ],
      "Services": [
        {
          "Id": 1,
          "Type": 0,
          "Url": "/ho-chi-minh/oasis-cafe/goi-mon",
          "Title": null,
          "Text": "Giao tận nơi",
          "Avatar": null,
          "BackgroundColor": null,
          "RestaurantId": 0,
          "Description": null
        }
      ],
      "Latitude": 10.8141585008606,
      "Longitude": 106.6802474856377,
      "MainCategoryId": 2,
      "MasterCategoryId": 1,
      "HasDelivery": true,
      "HasBooking": false,
      "TotalReview": 238,
      "TotalView": 109161,
      "TotalFavourite": 302,
      "TotalCheckins": 133,
      "TotalPictures": 1528,
      "AvgRating": "6.3",
      "AvgRatingOriginal": 6.348,
      "PicturePath": "https://images.foody.vn/res/g2/12513/prof/s180x180/foody-mobile-oasis-cafe-tp-hcm.jpg",
      "PicturePathLarge": "https://images.foody.vn/res/g2/12513/prof/s640x400/foody-mobile-oasis-cafe-tp-hcm.jpg",
      "MobilePicturePath": "https://images.foody.vn/res/g2/12513/prof/s640x400/foody-mobile-oasis-cafe-tp-hcm.jpg",
      "ReviewUrl": "/ho-chi-minh/oasis-cafe/binh-luan",
      "AlbumUrl": "/ho-chi-minh/oasis-cafe/album-anh",
      "IconUrl": null,
      "IsAd": false,
      "DetailUrl": "/ho-chi-minh/oasis-cafe"
    },
    {
      "Id": 199622,
      "Name": "Buzza Pizza - Emart Gò Vấp",
      "Address": "Tầng Trệt Emart Gò Vấp - 366 Phan Văn Trị, P. 5",
      "District": "Quận Gò Vấp",
      "City": "TP. HCM",
      "DistrictId": 2,
      "Location": "ho-chi-minh",
      "LocationId": 217,
      "Phone": null,
      "Cuisines": [
        {
          "Id": 50,
          "Name": "Quốc tế",
          "NameEn": null,
          "ASCIIName": null,
          "DetailUrl": "/ho-chi-minh/dia-diem-phong-cach-quoc-te"
        }
      ],
      "SpecialDesc": null,
      "Categories": [
        {
          "Id": 1,
          "Name": "Nhà hàng",
          "NameEn": null,
          "ASCIIName": null,
          "DetailUrl": null
        }
      ],
      "Services": [
        {
          "Id": 2,
          "Type": 0,
          "Url": "/ho-chi-minh/buzza-pizza-e-mart-go-vap",
          "Title": null,
          "Text": "Đặt bàn ",
          "Avatar": null,
          "BackgroundColor": null,
          "RestaurantId": 0,
          "Description": null
        },
        {
          "Id": 1,
          "Type": 0,
          "Url": "/ho-chi-minh/buzza-pizza-e-mart-go-vap/goi-mon",
          "Title": null,
          "Text": "Giao tận nơi",
          "Avatar": null,
          "BackgroundColor": null,
          "RestaurantId": 0,
          "Description": null
        }
      ],
      "Latitude": 10.8242327,
      "Longitude": 106.6918905999999,
      "MainCategoryId": 1,
      "MasterCategoryId": 1,
      "HasDelivery": true,
      "HasBooking": true,
      "TotalReview": 284,
      "TotalView": 47290,
      "TotalFavourite": 111,
      "TotalCheckins": 44,
      "TotalPictures": 1715,
      "AvgRating": "8.0",
      "AvgRatingOriginal": 7.952,
      "PicturePath": "https://images.foody.vn/res/g20/199622/prof/s180x180/201652411519-mobile-foody-logo-2-640x400.jpg",
      "PicturePathLarge": "https://images.foody.vn/res/g20/199622/prof/s640x400/201652411519-mobile-foody-logo-2-640x400.jpg",
      "MobilePicturePath": "https://images.foody.vn/res/g20/199622/prof/s640x400/201652411519-mobile-foody-logo-2-640x400.jpg",
      "ReviewUrl": "/ho-chi-minh/buzza-pizza-e-mart-go-vap/binh-luan",
      "AlbumUrl": "/ho-chi-minh/buzza-pizza-e-mart-go-vap/album-anh",
      "IconUrl": null,
      "IsAd": false,
      "DetailUrl": "/ho-chi-minh/buzza-pizza-e-mart-go-vap"
    },
    {
      "Id": 651063,
      "Name": "Dallas Cakes & Coffee - Quang Trung",
      "Address": "6 Quang Trung, P. 10",
      "District": "Quận Gò Vấp",
      "City": "TP. HCM",
      "DistrictId": 2,
      "Location": "ho-chi-minh",
      "LocationId": 217,
      "Phone": null,
      "Cuisines": [
        {
          "Id": 1,
          "Name": "Món Việt",
          "NameEn": null,
          "ASCIIName": null,
          "DetailUrl": "/ho-chi-minh/dia-diem-phong-cach-viet-nam"
        }
      ],
      "SpecialDesc": null,
      "Categories": [
        {
          "Id": 2,
          "Name": "Café/Dessert",
          "NameEn": null,
          "ASCIIName": null,
          "DetailUrl": null
        }
      ],
      "Services": [
        {
          "Id": 1,
          "Type": 0,
          "Url": "/ho-chi-minh/dallas-cakes-coffee-quang-trung/goi-mon",
          "Title": null,
          "Text": "Giao tận nơi",
          "Avatar": null,
          "BackgroundColor": null,
          "RestaurantId": 0,
          "Description": null
        }
      ],
      "Latitude": 10.826985,
      "Longitude": 106.678863,
      "MainCategoryId": 2,
      "MasterCategoryId": 1,
      "HasDelivery": true,
      "HasBooking": false,
      "TotalReview": 373,
      "TotalView": 4873,
      "TotalFavourite": 56,
      "TotalCheckins": 32,
      "TotalPictures": 564,
      "AvgRating": "9.7",
      "AvgRatingOriginal": 9.664,
      "PicturePath": "https://images.foody.vn/res/g66/651063/prof/s180x180/foody-mobile-11090821_80492442289-251-636277684533992519.jpg",
      "PicturePathLarge": "https://images.foody.vn/res/g66/651063/prof/s640x400/foody-mobile-11090821_80492442289-251-636277684533992519.jpg",
      "MobilePicturePath": "https://images.foody.vn/res/g66/651063/prof/s640x400/foody-mobile-11090821_80492442289-251-636277684533992519.jpg",
      "ReviewUrl": "/ho-chi-minh/dallas-cakes-coffee-quang-trung/binh-luan",
      "AlbumUrl": "/ho-chi-minh/dallas-cakes-coffee-quang-trung/album-anh",
      "IconUrl": null,
      "IsAd": false,
      "DetailUrl": "/ho-chi-minh/dallas-cakes-coffee-quang-trung"
    },
    {
      "Id": 60915,
      "Name": "Hot & Cold - Trà Sữa & Xiên Que - Quang Trung",
      "Address": "804 Quang Trung",
      "District": "Quận Gò Vấp",
      "City": "TP. HCM",
      "DistrictId": 2,
      "Location": "ho-chi-minh",
      "LocationId": 217,
      "Phone": null,
      "Cuisines": [
        {
          "Id": 1,
          "Name": "Món Việt",
          "NameEn": null,
          "ASCIIName": null,
          "DetailUrl": "/ho-chi-minh/dia-diem-phong-cach-viet-nam"
        }
      ],
      "SpecialDesc": null,
      "Categories": [
        {
          "Id": 2,
          "Name": "Café/Dessert",
          "NameEn": null,
          "ASCIIName": null,
          "DetailUrl": null
        }
      ],
      "Services": [
        {
          "Id": 1,
          "Type": 0,
          "Url": "/ho-chi-minh/hot-cold-tra-sua-xien-que-quang-trung/goi-mon",
          "Title": null,
          "Text": "Giao tận nơi",
          "Avatar": null,
          "BackgroundColor": null,
          "RestaurantId": 0,
          "Description": null
        }
      ],
      "Latitude": 10.837651,
      "Longitude": 106.654696,
      "MainCategoryId": 2,
      "MasterCategoryId": 1,
      "HasDelivery": true,
      "HasBooking": false,
      "TotalReview": 221,
      "TotalView": 28966,
      "TotalFavourite": 68,
      "TotalCheckins": 74,
      "TotalPictures": 740,
      "AvgRating": "6.4",
      "AvgRatingOriginal": 6.382,
      "PicturePath": "https://images.foody.vn/res/g7/60915/prof/s180x180/foody-upload-api-foody-mobile-1-190605180036.jpg",
      "PicturePathLarge": "https://images.foody.vn/res/g7/60915/prof/s640x400/foody-upload-api-foody-mobile-1-190605180036.jpg",
      "MobilePicturePath": "https://images.foody.vn/res/g7/60915/prof/s640x400/foody-upload-api-foody-mobile-1-190605180036.jpg",
      "ReviewUrl": "/ho-chi-minh/hot-cold-tra-sua-xien-que-quang-trung/binh-luan",
      "AlbumUrl": "/ho-chi-minh/hot-cold-tra-sua-xien-que-quang-trung/album-anh",
      "IconUrl": null,
      "IsAd": false,
      "DetailUrl": "/ho-chi-minh/hot-cold-tra-sua-xien-que-quang-trung"
    },
    {
      "Id": 112585,
      "Name": "Papaxốt - Quang Trung",
      "Address": "458 Quang Trung",
      "District": "Quận Gò Vấp",
      "City": "TP. HCM",
      "DistrictId": 2,
      "Location": "ho-chi-minh",
      "LocationId": 217,
      "Phone": null,
      "Cuisines": [
        {
          "Id": 21,
          "Name": "Món Nhật",
          "NameEn": null,
          "ASCIIName": null,
          "DetailUrl": "/ho-chi-minh/dia-diem-phong-cach-nhat-ban"
        },
        {
          "Id": 36,
          "Name": "Món Á",
          "NameEn": null,
          "ASCIIName": null,
          "DetailUrl": "/ho-chi-minh/dia-diem-phong-cach-chau-a"
        }
      ],
      "SpecialDesc": null,
      "Categories": [
        {
          "Id": 1,
          "Name": "Nhà hàng",
          "NameEn": null,
          "ASCIIName": null,
          "DetailUrl": null
        }
      ],
      "Services": [
        {
          "Id": 2,
          "Type": 0,
          "Url": "/ho-chi-minh/papaxot",
          "Title": null,
          "Text": "Đặt bàn ",
          "Avatar": null,
          "BackgroundColor": null,
          "RestaurantId": 0,
          "Description": null
        },
        {
          "Id": 1,
          "Type": 0,
          "Url": "/ho-chi-minh/papaxot/goi-mon",
          "Title": null,
          "Text": "Giao tận nơi",
          "Avatar": null,
          "BackgroundColor": null,
          "RestaurantId": 0,
          "Description": null
        }
      ],
      "Latitude": 10.8344127618861,
      "Longitude": 106.6647570580244,
      "MainCategoryId": 1,
      "MasterCategoryId": 1,
      "HasDelivery": true,
      "HasBooking": true,
      "TotalReview": 210,
      "TotalView": 42733,
      "TotalFavourite": 207,
      "TotalCheckins": 71,
      "TotalPictures": 1023,
      "AvgRating": "6.8",
      "AvgRatingOriginal": 6.794,
      "PicturePath": "https://images.foody.vn/res/g12/112585/prof/s180x180/foody-upload-api-foody-mobile-7-190109171633.jpg",
      "PicturePathLarge": "https://images.foody.vn/res/g12/112585/prof/s640x400/foody-upload-api-foody-mobile-7-190109171633.jpg",
      "MobilePicturePath": "https://images.foody.vn/res/g12/112585/prof/s640x400/foody-upload-api-foody-mobile-7-190109171633.jpg",
      "ReviewUrl": "/ho-chi-minh/papaxot/binh-luan",
      "AlbumUrl": "/ho-chi-minh/papaxot/album-anh",
      "IconUrl": null,
      "IsAd": false,
      "DetailUrl": "/ho-chi-minh/papaxot"
    },
    {
      "Id": 91979,
      "Name": "SaiGon Chic Cafe",
      "Address": "82 Đường Số 27, P. 6",
      "District": "Quận Gò Vấp",
      "City": "TP. HCM",
      "DistrictId": 2,
      "Location": "ho-chi-minh",
      "LocationId": 217,
      "Phone": null,
      "Cuisines": [
        {
          "Id": 1,
          "Name": "Món Việt",
          "NameEn": null,
          "ASCIIName": null,
          "DetailUrl": "/ho-chi-minh/dia-diem-phong-cach-viet-nam"
        }
      ],
      "SpecialDesc": null,
      "Categories": [
        {
          "Id": 2,
          "Name": "Café/Dessert",
          "NameEn": null,
          "ASCIIName": null,
          "DetailUrl": null
        }
      ],
      "Services": [
        {
          "Id": 1,
          "Type": 0,
          "Url": "/ho-chi-minh/saigon-chic-cafe/goi-mon",
          "Title": null,
          "Text": "Giao tận nơi",
          "Avatar": null,
          "BackgroundColor": null,
          "RestaurantId": 0,
          "Description": null
        }
      ],
      "Latitude": 10.8423547,
      "Longitude": 106.6793556,
      "MainCategoryId": 2,
      "MasterCategoryId": 1,
      "HasDelivery": true,
      "HasBooking": false,
      "TotalReview": 110,
      "TotalView": 86627,
      "TotalFavourite": 341,
      "TotalCheckins": 65,
      "TotalPictures": 1108,
      "AvgRating": "7.4",
      "AvgRatingOriginal": 7.354,
      "PicturePath": "https://images.foody.vn/res/g10/91979/prof/s180x180/foody-mobile-kjuxujry-jpg-982-635838930416211667.jpg",
      "PicturePathLarge": "https://images.foody.vn/res/g10/91979/prof/s640x400/foody-mobile-kjuxujry-jpg-982-635838930416211667.jpg",
      "MobilePicturePath": "https://images.foody.vn/res/g10/91979/prof/s640x400/foody-mobile-kjuxujry-jpg-982-635838930416211667.jpg",
      "ReviewUrl": "/ho-chi-minh/saigon-chic-cafe/binh-luan",
      "AlbumUrl": "/ho-chi-minh/saigon-chic-cafe/album-anh",
      "IconUrl": null,
      "IsAd": false,
      "DetailUrl": "/ho-chi-minh/saigon-chic-cafe"
    },
    {
      "Id": 28883,
      "Name": "Pizza Hut - Quang Trung",
      "Address": "283 Quang Trung",
      "District": "Quận Gò Vấp",
      "City": "TP. HCM",
      "DistrictId": 2,
      "Location": "ho-chi-minh",
      "LocationId": 217,
      "Phone": null,
      "Cuisines": [
        {
          "Id": 24,
          "Name": "Châu Mỹ",
          "NameEn": null,
          "ASCIIName": null,
          "DetailUrl": "/ho-chi-minh/dia-diem-phong-cach-chau-my"
        },
        {
          "Id": 33,
          "Name": "Mỹ",
          "NameEn": null,
          "ASCIIName": null,
          "DetailUrl": "/ho-chi-minh/dia-diem-phong-cach-my"
        }
      ],
      "SpecialDesc": null,
      "Categories": [
        {
          "Id": 1,
          "Name": "Nhà hàng",
          "NameEn": null,
          "ASCIIName": null,
          "DetailUrl": null
        }
      ],
      "Services": [
        {
          "Id": 1,
          "Type": 0,
          "Url": "/ho-chi-minh/pizza-hut-quang-trung/goi-mon",
          "Title": null,
          "Text": "Giao tận nơi",
          "Avatar": null,
          "BackgroundColor": null,
          "RestaurantId": 0,
          "Description": null
        }
      ],
      "Latitude": 10.829567,
      "Longitude": 106.671265,
      "MainCategoryId": 1,
      "MasterCategoryId": 1,
      "HasDelivery": true,
      "HasBooking": false,
      "TotalReview": 129,
      "TotalView": 32386,
      "TotalFavourite": 77,
      "TotalCheckins": 60,
      "TotalPictures": 896,
      "AvgRating": "7.2",
      "AvgRatingOriginal": 7.22,
      "PicturePath": "https://images.foody.vn/res/g3/28883/prof/s180x180/foody-mobile-p-jpg-800-635757703358128351.jpg",
      "PicturePathLarge": "https://images.foody.vn/res/g3/28883/prof/s640x400/foody-mobile-p-jpg-800-635757703358128351.jpg",
      "MobilePicturePath": "https://images.foody.vn/res/g3/28883/prof/s640x400/foody-mobile-p-jpg-800-635757703358128351.jpg",
      "ReviewUrl": "/ho-chi-minh/pizza-hut-quang-trung/binh-luan",
      "AlbumUrl": "/ho-chi-minh/pizza-hut-quang-trung/album-anh",
      "IconUrl": null,
      "IsAd": false,
      "DetailUrl": "/ho-chi-minh/pizza-hut-quang-trung"
    },
    {
      "Id": 129725,
      "Name": "Bánh Mì Chảo & Món Ngon Hoa Việt - Quán Cô 3 Hậu",
      "Address": "36 Đường Số 18, P. 8",
      "District": "Quận Gò Vấp",
      "City": "TP. HCM",
      "DistrictId": 2,
      "Location": "ho-chi-minh",
      "LocationId": 217,
      "Phone": null,
      "Cuisines": [
        {
          "Id": 1,
          "Name": "Món Việt",
          "NameEn": null,
          "ASCIIName": null,
          "DetailUrl": "/ho-chi-minh/dia-diem-phong-cach-viet-nam"
        },
        {
          "Id": 4,
          "Name": "Món Trung Hoa",
          "NameEn": null,
          "ASCIIName": null,
          "DetailUrl": "/ho-chi-minh/dia-diem-phong-cach-trung-hoa"
        },
        {
          "Id": 36,
          "Name": "Món Á",
          "NameEn": null,
          "ASCIIName": null,
          "DetailUrl": "/ho-chi-minh/dia-diem-phong-cach-chau-a"
        }
      ],
      "SpecialDesc": null,
      "Categories": [
        {
          "Id": 3,
          "Name": "Quán ăn",
          "NameEn": null,
          "ASCIIName": null,
          "DetailUrl": null
        }
      ],
      "Services": [
        {
          "Id": 1,
          "Type": 0,
          "Url": "/ho-chi-minh/banh-mi-chao-mon-ngon-hoa-viet-quan-co-3-hau/goi-mon",
          "Title": null,
          "Text": "Giao tận nơi",
          "Avatar": null,
          "BackgroundColor": null,
          "RestaurantId": 0,
          "Description": null
        }
      ],
      "Latitude": 10.837782,
      "Longitude": 106.655749,
      "MainCategoryId": 3,
      "MasterCategoryId": 1,
      "HasDelivery": true,
      "HasBooking": false,
      "TotalReview": 148,
      "TotalView": 89825,
      "TotalFavourite": 385,
      "TotalCheckins": 41,
      "TotalPictures": 928,
      "AvgRating": "6.6",
      "AvgRatingOriginal": 6.62,
      "PicturePath": "https://images.foody.vn/res/g13/129725/prof/s180x180/foody-mobile-foody-quan-co-3-hau--960-635652896252263911.jpg",
      "PicturePathLarge": "https://images.foody.vn/res/g13/129725/prof/s640x400/foody-mobile-foody-quan-co-3-hau--960-635652896252263911.jpg",
      "MobilePicturePath": "https://images.foody.vn/res/g13/129725/prof/s640x400/foody-mobile-foody-quan-co-3-hau--960-635652896252263911.jpg",
      "ReviewUrl": "/ho-chi-minh/banh-mi-chao-mon-ngon-hoa-viet-quan-co-3-hau/binh-luan",
      "AlbumUrl": "/ho-chi-minh/banh-mi-chao-mon-ngon-hoa-viet-quan-co-3-hau/album-anh",
      "IconUrl": null,
      "IsAd": false,
      "DetailUrl": "/ho-chi-minh/banh-mi-chao-mon-ngon-hoa-viet-quan-co-3-hau"
    },
    {
      "Id": 46668,
      "Name": "Kichi Kichi Lẩu Băng Chuyền - Quang Trung",
      "Address": "1 Quang Trung",
      "District": "Quận Gò Vấp",
      "City": "TP. HCM",
      "DistrictId": 2,
      "Location": "ho-chi-minh",
      "LocationId": 217,
      "Phone": null,
      "Cuisines": [
        {
          "Id": 21,
          "Name": "Món Nhật",
          "NameEn": null,
          "ASCIIName": null,
          "DetailUrl": "/ho-chi-minh/dia-diem-phong-cach-nhat-ban"
        },
        {
          "Id": 36,
          "Name": "Món Á",
          "NameEn": null,
          "ASCIIName": null,
          "DetailUrl": "/ho-chi-minh/dia-diem-phong-cach-chau-a"
        }
      ],
      "SpecialDesc": null,
      "Categories": [
        {
          "Id": 1,
          "Name": "Nhà hàng",
          "NameEn": null,
          "ASCIIName": null,
          "DetailUrl": null
        }
      ],
      "Services": [],
      "Latitude": 10.8267394345315,
      "Longitude": 106.6793746109927,
      "MainCategoryId": 1,
      "MasterCategoryId": 1,
      "HasDelivery": false,
      "HasBooking": false,
      "TotalReview": 124,
      "TotalView": 43279,
      "TotalFavourite": 81,
      "TotalCheckins": 58,
      "TotalPictures": 469,
      "AvgRating": "7.3",
      "AvgRatingOriginal": 7.32,
      "PicturePath": "https://images.foody.vn/res/g5/46668/prof/s180x180/foody-mobile-rfokfbsk-jpg-859-635796372049634356.jpg",
      "PicturePathLarge": "https://images.foody.vn/res/g5/46668/prof/s640x400/foody-mobile-rfokfbsk-jpg-859-635796372049634356.jpg",
      "MobilePicturePath": "https://images.foody.vn/res/g5/46668/prof/s640x400/foody-mobile-rfokfbsk-jpg-859-635796372049634356.jpg",
      "ReviewUrl": "/ho-chi-minh/kichi-kichi-lau-bang-chuyen-quang-trung/binh-luan",
      "AlbumUrl": "/ho-chi-minh/kichi-kichi-lau-bang-chuyen-quang-trung/album-anh",
      "IconUrl": null,
      "IsAd": false,
      "DetailUrl": "/ho-chi-minh/kichi-kichi-lau-bang-chuyen-quang-trung"
    },
    {
      "Id": 158187,
      "Name": "The Coffee House - Quang Trung",
      "Address": "293 Quang Trung",
      "District": "Quận Gò Vấp",
      "City": "TP. HCM",
      "DistrictId": 2,
      "Location": "ho-chi-minh",
      "LocationId": 217,
      "Phone": null,
      "Cuisines": [
        {
          "Id": 1,
          "Name": "Món Việt",
          "NameEn": null,
          "ASCIIName": null,
          "DetailUrl": "/ho-chi-minh/dia-diem-phong-cach-viet-nam"
        }
      ],
      "SpecialDesc": null,
      "Categories": [
        {
          "Id": 2,
          "Name": "Café/Dessert",
          "NameEn": null,
          "ASCIIName": null,
          "DetailUrl": null
        }
      ],
      "Services": [],
      "Latitude": 10.8290181260621,
      "Longitude": 106.6725512221455,
      "MainCategoryId": 2,
      "MasterCategoryId": 1,
      "HasDelivery": false,
      "HasBooking": false,
      "TotalReview": 161,
      "TotalView": 26308,
      "TotalFavourite": 70,
      "TotalCheckins": 75,
      "TotalPictures": 879,
      "AvgRating": "7.2",
      "AvgRatingOriginal": 7.202,
      "PicturePath": "https://images.foody.vn/res/g16/158187/prof/s180x180/foody-mobile-coffeehousequangtrun-822-635754530645782536.jpg",
      "PicturePathLarge": "https://images.foody.vn/res/g16/158187/prof/s640x400/foody-mobile-coffeehousequangtrun-822-635754530645782536.jpg",
      "MobilePicturePath": "https://images.foody.vn/res/g16/158187/prof/s640x400/foody-mobile-coffeehousequangtrun-822-635754530645782536.jpg",
      "ReviewUrl": "/ho-chi-minh/the-coffee-house-quang-trung/binh-luan",
      "AlbumUrl": "/ho-chi-minh/the-coffee-house-quang-trung/album-anh",
      "IconUrl": null,
      "IsAd": false,
      "DetailUrl": "/ho-chi-minh/the-coffee-house-quang-trung"
    },
    {
      "Id": 30102,
      "Name": "Cánh Đồng Quán - Lẩu Nướng Tại Bàn - Dương Quảng Hàm",
      "Address": "310/14 Dương Quảng Hàm, P. 5",
      "District": "Quận Gò Vấp",
      "City": "TP. HCM",
      "DistrictId": 2,
      "Location": "ho-chi-minh",
      "LocationId": 217,
      "Phone": null,
      "Cuisines": [
        {
          "Id": 1,
          "Name": "Món Việt",
          "NameEn": null,
          "ASCIIName": null,
          "DetailUrl": "/ho-chi-minh/dia-diem-phong-cach-viet-nam"
        }
      ],
      "SpecialDesc": null,
      "Categories": [
        {
          "Id": 3,
          "Name": "Quán ăn",
          "NameEn": null,
          "ASCIIName": null,
          "DetailUrl": null
        }
      ],
      "Services": [],
      "Latitude": 10.8324155527134,
      "Longitude": 106.6890880465508,
      "MainCategoryId": 3,
      "MasterCategoryId": 1,
      "HasDelivery": false,
      "HasBooking": false,
      "TotalReview": 120,
      "TotalView": 121316,
      "TotalFavourite": 210,
      "TotalCheckins": 61,
      "TotalPictures": 761,
      "AvgRating": "6.6",
      "AvgRatingOriginal": 6.578,
      "PicturePath": "https://images.foody.vn/res/g4/30102/prof/s180x180/foody-mobile-shwadjuj-jpg-413-636204369735412311.jpg",
      "PicturePathLarge": "https://images.foody.vn/res/g4/30102/prof/s640x400/foody-mobile-shwadjuj-jpg-413-636204369735412311.jpg",
      "MobilePicturePath": "https://images.foody.vn/res/g4/30102/prof/s640x400/foody-mobile-shwadjuj-jpg-413-636204369735412311.jpg",
      "ReviewUrl": "/ho-chi-minh/canh-dong-quan-lau-nuong-tai-ban-duong-15/binh-luan",
      "AlbumUrl": "/ho-chi-minh/canh-dong-quan-lau-nuong-tai-ban-duong-15/album-anh",
      "IconUrl": null,
      "IsAd": false,
      "DetailUrl": "/ho-chi-minh/canh-dong-quan-lau-nuong-tai-ban-duong-15"
    }
  ]
}
